feature_id,station,world_x_mm,world_y_mm,fastener_role,printed_stack_mm,washer_qty,board_anchor_qty,hardware_class,candidate_length,selected_length_mm,anchor_type,anchor_manufacturer_part,bore_mode,final_board_bore_mm,bore_depth_mm_or_through,install_face,pilot_diameter_mm,qualification_reference,acceptance
KBL-HOLD-F,keyboard_left,165,78,fixed station retainer,4.0,1,1,conventional M4 button head,M4x20 or M4x25,,,,,,,,,,>=5 mm thread engagement; no bottoming or underside projection; 0.25-0.35 N m
KBL-HOLD-R,keyboard_left,102,246,fixed station retainer,4.0,1,1,conventional M4 button head,M4x20 or M4x25,,,,,,,,,,>=5 mm thread engagement; no bottoming or underside projection; 0.25-0.35 N m
KBL-CLAMP,keyboard_left,165,254.5,shared rear-clamp and station retainer,8.0,1,1,low-profile hand-adjustable M4,M4x20 or M4x25,,,,,,,,,,slider installed before screw; position to padded contact only; 0.25-0.35 N m after seating
KBR-HOLD-F,keyboard_right,323.75,78,fixed relieved slave retainer,4.0,1,1,conventional M4 button head,M4x20 or M4x25,,,,,,,,,,seam owns XY/yaw; no bottoming or underside projection; 0.25-0.35 N m
KBR-HOLD-R,keyboard_right,383,246,fixed relieved slave retainer,4.0,1,1,conventional M4 button head,M4x20 or M4x25,,,,,,,,,,seam owns XY/yaw; no bottoming or underside projection; 0.25-0.35 N m
KBR-CLAMP,keyboard_right,320,254.5,shared rear-clamp and relieved slave retainer,8.0,1,1,low-profile hand-adjustable M4,M4x20 or M4x25,,,,,,,,,,slider installed before screw; seam fully seated before tightening; 0.25-0.35 N m
PT-HOLD-TCP,phone_tcp,423,160,TCP-island recessed-washer station retainer,9.0,1,1,conventional M4 button head,M4x25,,,,,,,,,,seat washer fully in 1.5 mm recess; verify >=5 mm engagement; start before rail-side screws; no bottoming or underside projection; 0.25-0.35 N m
PT-HOLD-R1,phone_tcp,588.8,149.12,shared phone-rail and station retainer,8.0,1,1,conventional M4 button head,M4x20 or M4x25,,,,,,,,,,rail seated on keys before screw; no bottoming; 0.25-0.35 N m
PT-HOLD-R2,phone_tcp,588.8,192.32,shared phone-rail and station retainer,8.0,1,1,conventional M4 button head,M4x20 or M4x25,,,,,,,,,,rail seated on keys before screw; no bottoming; 0.25-0.35 N m
