file,plain_name,use,job_ids,profiles,quantity_by_job,selections,canonical_path,sha256
cable_tie_saddle_fit_gauge.stl,Cable Tie Saddle Fit Gauge,PRINT_VIA_READY_JOB_ONLY,00B,abs_rapido_cradle_0p4,00B:1,required,stl/cable_tie_saddle_fit_gauge.stl,8de2b07efef5bef8ef9297407c0bd22dd7945adc16f84fd0dab236e304398598
calibration_puck.stl,Calibration Puck,PRINT_VIA_READY_JOB_ONLY,03D,abs_rapido_calibration_0p4,03D:2,required,stl/calibration_puck.stl,3d232103d1cc89d083cc700526abe40344db3f34f80609a5f134cb37a9247ce6
camera_plate_universal.stl,Camera Plate Universal,PRINT_VIA_READY_JOB_ONLY,03C3,petg_general_0p4,03C3:1,camera_mast_optional,stl/camera_plate_universal.stl,7fb63205ddc37b517ee452eda352893c7912cebe74086d977ef0beb8ec2d006f
compliant_tool_body.stl,Compliant Tool Body,PRINT_VIA_READY_JOB_ONLY,04A,abs_rapido_precision_0p4,04A:1,any_tool_route,stl/compliant_tool_body.stl,18c8d7ff2d57c0785b324c58e93b3c6558db7c56c339270ab183307b991225ba
compliant_tool_grip_fit_test.stl,Compliant Tool Grip Fit Test,PRINT_VIA_READY_JOB_ONLY,00C,abs_rapido_precision_0p4,00C:1,required,stl/compliant_tool_grip_fit_test.stl,2c892ebeccd9d4512bf877cac3c1d56c87329c1a30a47165221480021104d935
compliant_tool_top_cap.stl,Compliant Tool Top Cap,PRINT_VIA_READY_JOB_ONLY,04A,abs_rapido_precision_0p4,04A:2,any_tool_route,stl/compliant_tool_top_cap.stl,e7adbf51fd9382a4eb2b9a9dd25df677d43fd488c4584c2bf3e3e7d1599b9081
hardware_fit_gauge.stl,Hardware Fit Gauge,PRINT_VIA_READY_JOB_ONLY,00A; 00E; 00F,abs_rapido_tray_structural_0p4; abs_rapido_general_0p4; abs_rapido_calibration_0p4,00A:1; 00E:1; 00F:1,required,stl/hardware_fit_gauge.stl,4a9a35b618a420931b7e8b6b717aee4a3eb68f8948fff04e5a69fd65266e9e42
keyboard_corner_fit_test.stl,Keyboard Corner Fit Test,PRINT_VIA_READY_JOB_ONLY,00A,abs_rapido_tray_structural_0p4,00A:1,required,stl/keyboard_corner_fit_test.stl,c12095d3506ea86025fcef6cd34702efb391aec1e00c9b23fd77bdb250703ad3
keyboard_rear_clamp.stl,Keyboard Rear Clamp,PRINT_VIA_READY_JOB_ONLY,03B,abs_rapido_general_0p4,03B:2,required,stl/keyboard_rear_clamp.stl,78c591895ae8392a5af9832f56cb7f15cb6a401c490153a1914b71ff5bcba373
keyboard_station_left.stl,Keyboard Station Left,PRINT_VIA_READY_JOB_ONLY,01,abs_rapido_tray_structural_0p4,01:1,required,stl/keyboard_station_left.stl,a19b4288b9d6c3fae66f3baa3aa7726fc4acaa440bdb3f16ad3a7ea7791e9a1f
keyboard_station_right.stl,Keyboard Station Right,PRINT_VIA_READY_JOB_ONLY,02,abs_rapido_tray_structural_0p4,02:1,required,stl/keyboard_station_right.stl,bc9cc0d252da8d1702c56bbd0afaf6ed79e5dd9891d121dd54372e4692675cf0
keyboard_tip_TPU_6mm.stl,Keyboard Tip TPU 6mm,PRINT_VIA_READY_JOB_ONLY,05C; 05D,tpu95a_0p4,05C:1; 05D:3,keyboard_rod_route,stl/keyboard_tip_TPU_6mm.stl,22ba42201e769ff4ed146b125d69d585b7188b7f274a1b3430b741ad62931d37
m3_head_fit_gauge.stl,M3 Head Fit Gauge,PRINT_VIA_READY_JOB_ONLY,00C; 00F,abs_rapido_precision_0p4; abs_rapido_calibration_0p4,00C:1; 00F:1,required,stl/m3_head_fit_gauge.stl,7d1206ee09722d99cff871031562943e405c263ea5d1d1f5d82e193bf403cb2e
m4_captive_nut_fit_gauge.stl,M4 Captive Nut Fit Gauge,PRINT_VIA_READY_JOB_ONLY,00B,abs_rapido_cradle_0p4,00B:1,required,stl/m4_captive_nut_fit_gauge.stl,5771bfa01542ab24999c806f4347486d6cc1800f6a13a17ebfdb9264644e8aec
m4_washer_fit_gauge.stl,M4 Washer Fit Gauge,PRINT_VIA_READY_JOB_ONLY,00A; 00B,abs_rapido_tray_structural_0p4; abs_rapido_cradle_0p4,00A:1; 00B:1,required,stl/m4_washer_fit_gauge.stl,98f27d3b7f274754a274f9856a8318c8b0c98f2fb5b485223fec74236ae349ff
m5_nut_trap_fit_gauge.stl,M5 Nut Trap Fit Gauge,PRINT_VIA_READY_JOB_ONLY,06,asa_structural_0p4,06:1,camera_mast_optional,stl/m5_nut_trap_fit_gauge.stl,a6a8dd06689060766bb31f7eca10e6910fb3313a758af185bcbcdfde3c40a01e
mast_foot_2020.stl,Mast Foot 2020,PRINT_VIA_READY_JOB_ONLY,07A; 07B,asa_structural_0p4,07A:1; 07B:1,camera_mast_optional,stl/mast_foot_2020.stl,2b6384b63a5b191ef88ae5590b50ffb5cd0c64d2102b3145b8336b2fb901faa5
mast_socket_fit_test.stl,Mast Socket Fit Test,PRINT_VIA_READY_JOB_ONLY,06,asa_structural_0p4,06:1,camera_mast_optional,stl/mast_socket_fit_test.stl,3a8e939ae308baa04fda3891dfc8851a0a3b2caa9e2a91148414255e1114905b
phone_clamp_rail.stl,Phone Clamp Rail,PRINT_VIA_READY_JOB_ONLY,03C1,abs_rapido_cradle_0p4,03C1:1,required,stl/phone_clamp_rail.stl,f766a24143f11769a0bcef7236b09938f4c02434b3b5d8e6d77b21b37f49dcff
phone_clamp_tip_TPU_M4.stl,Phone Clamp Tip TPU M4,PRINT_VIA_READY_JOB_ONLY,05A; 05B,tpu95a_0p4,05A:1; 05B:3,required,stl/phone_clamp_tip_TPU_M4.stl,77883a940d153460346de3ffdfcf3a281e2572ab404dd1f4dc50ec8808afef94
phone_m3_insert_fit_gauge.stl,Phone M3 Insert Fit Gauge,PRINT_VIA_READY_JOB_ONLY,00B,abs_rapido_cradle_0p4,00B:1,required,stl/phone_m3_insert_fit_gauge.stl,54a7990f706256dd30d3d5ea7487f479e970c1e1d8f212be1996b6df6d1a2e65
phone_tcp_station.stl,Phone TCP Station,PRINT_VIA_READY_JOB_ONLY,03A,abs_rapido_cradle_0p4,03A:1,required,stl/phone_tcp_station.stl,63e02e28f9bb818007564eab7e82e2b9ce8417f30bdf3cbec3c3a86ec08ac32e
phone_width_fit_test.stl,Phone Width Fit Test,PRINT_VIA_READY_JOB_ONLY,00B,abs_rapido_cradle_0p4,00B:1,required,stl/phone_width_fit_test.stl,1091a6d591259a4a22b6d9fd7b36d4a8264807ef5c169fe3c5b1019a16420cfa
rod_bushing_6_to_9mm.stl,Rod Bushing 6 To 9mm,PRINT_VIA_READY_JOB_ONLY,04C,petg_adapter_0p4,04C:2,keyboard_rod_route,stl/rod_bushing_6_to_9mm.stl,c30bee2a303f025e94b21e1cf2c5639babbf5d75d3bb008711ea86b5e8160d63
setup_hardware_fit_gauge.stl,Setup Hardware Fit Gauge,PRINT_VIA_READY_JOB_ONLY,00E,abs_rapido_general_0p4,00E:1,required,stl/setup_hardware_fit_gauge.stl,e6394a26fe104fb2af1b05df14865a5be2908bf6e99fab79c93aa034a2dc57b4
spring_fit_gauge.stl,Spring Fit Gauge,PRINT_VIA_READY_JOB_ONLY,00C,abs_rapido_precision_0p4,00C:1,required,stl/spring_fit_gauge.stl,0b8464e8506bea26cc8972ce32fcfc4e7366c800eac4ee23e6fcd16677672f4c
station_locator_fit_gauge.stl,Station Locator Fit Gauge,PRINT_VIA_READY_JOB_ONLY,00A; 00B,abs_rapido_tray_structural_0p4; abs_rapido_cradle_0p4,00A:1; 00B:1,required,stl/station_locator_fit_gauge.stl,7b34ff9a05495ce702310171cd27c5201e0c1ee54fede8c9cdbeea7260d3d1d5
stylus_collar_9mm.stl,Stylus Collar 9mm,PRINT_VIA_READY_JOB_ONLY,04B,petg_adapter_0p4,04B:2,phone_stylus_route,stl/stylus_collar_9mm.stl,abc908bcd256e8836d13c94cf58320654f78d972e0eb1923f50a6575233f2c8e
stylus_diameter_gauge.stl,Stylus Diameter Gauge,PRINT_VIA_READY_JOB_ONLY,00D,petg_adapter_0p4,00D:1,phone_stylus_route,stl/stylus_diameter_gauge.stl,556c8114547de14b36d8990444de96f3229f99c93f6d06fb62216880c6f72c77
tag_application_frame_55mm.stl,Tag Application Frame 55mm,PRINT_VIA_READY_JOB_ONLY,03C2,abs_rapido_general_0p4,03C2:1,required,stl/tag_application_frame_55mm.stl,492f7e3c567a7aa3a4bc255d59425f73dc0c64ab240df8af8f9adf861d53a10f
tool_m3_insert_fit_gauge.stl,Tool M3 Insert Fit Gauge,PRINT_VIA_READY_JOB_ONLY,00C,abs_rapido_precision_0p4,00C:1,required,stl/tool_m3_insert_fit_gauge.stl,8ff0775cb466170e0749bf125b4b2743f134df072f75ac17090d61854fbc7d8d
tpu_tip_retention_gauge.stl,TPU Tip Retention Gauge,PRINT_VIA_READY_JOB_ONLY,00E,abs_rapido_general_0p4,00E:1,required,stl/tpu_tip_retention_gauge.stl,0476c9c867a9f28816c5df107f8bcff9e44b7e1ba79e8927501a8d1c6d32b777
