canonical_path,sha256,size_bytes,roles,actions,job_ids
ASSEMBLY_MANUAL.md,5c77cf9c49e7afcf51eaaf26cf58dc78081eec860b006acebee91a1f11046c07,47056,controlled detailed-manual source,reference_only,
ASSEMBLY_MANUAL.pdf,3f82933f75bb4df24ba875c03624668dfd86e15b5a956b963fe3cc92621031e5,543436,controlled detailed manual,read,
BOM.csv,c9362cf401ca66f4e584c7fc294f6c54853c8ea546e610d551bc841782d6bcd0,10703,purchasing source,reference_only,
BUILD_TRACKER.json,0309256af31348620bb977aded9c591bc697c8ab7b9873027430aaa28c077b9a,18134,machine-readable lifecycle tracker,reference_only,
BUILD_TRACKER.md,17ecf32b45b561c9209189849ef20cac965ef09065cb33bf8aa9f24f9a086775,6253,lifecycle tracker,verify,
FASTENER_MAP.csv,94b0af10da8ee259d200ae5ffc404f2265ac9b417169e697bcef38e91aca3085,2200,board fastener source,edit_only_in_step_01_after_cutoff_tests,
JOB_KITS.csv,2c93199c0703d975d47870c2537dd4acf39c376c6f42fbab17fcddeba4004516,11616,kitting source,reference_only,
KEYBOARD_STATION_ENGINEERING_REVIEW.md,c8f1a8c4080147e6b24f4dc6c58dc6c4a17d9f1fa439eaf03e857e4e53172fe3,3630,device/load review,read,
PRINT_READINESS.json,a8c75f05f727fa899c1f873ffea9852b5e6d343cdd302d5c4e02ee4124f74fc3,57793,machine-readable print readiness,reference_only,
PRINT_READINESS.md,5be5234644cbca322e93f16ec422cd5a6f04059055a2f56d68cf224d61f015b0,17177,current print readiness,verify,
README_FIRST.md,ba84a14a17983d774a0278b4b68571d920b0dc4d186fd05c991b1d149d388a9e,9962,release entry point,read,
cad/step/keyboard_rear_clamp.step,025b6af37e2f9b54fa93be473171289643227d30a32a3f9d3d40f7206acd0f64,269163,neutral CAD companion,reference_only,03B
cad/step/keyboard_station_left.step,749d12f4c123c4355d0b10ba7c90d40b3b53157097588d8063f1c9c1309350dd,1443534,neutral CAD companion,reference_only,01
cad/step/keyboard_station_right.step,eb236d1c716a55b70be6b77e8364473d4553a34e54e8d1e4aea3bef507fd97fc,1278974,neutral CAD companion,reference_only,02
config/assembly_steps.json,af1920ac851d18c09ad749df5da2ed58dda6c9a40b066966e737430c448a546d,117502,canonical step-to-file relationship map,reference_only,
config/job_build_record.json,8ffbb767c577fac5c88b8b68a7d4029ac1ca09c5b502f8d27795fb66a585ad64,27671,canonical job lifecycle record,edit_only_with_controlled_workflow,
config/measurement_record.json,1fb400eae3104547b9bc75a6824bb137f37acc8274e68d718db7a6d77e734ec9,84066,canonical measurement and gate record,edit_only_with_recording_script,
config/parameters.json,769808d9094672ff2f281d39eeafff68c1aa0e4e9ec9b552f22084334b1bb6fc,1915,canonical CAD parameter set,reference_only,
config/print_jobs.json,429bca9542193388581eee5266af57b2e7460881f87b23b34693eee3b77c66f4,13945,canonical print-job definitions,reference_only,
config/print_profiles.json,5886a55b3fbdca28bf0d67ea8718a366333e78f2801e1884db00cc9f010ffc5e,23632,canonical print-profile definitions,reference_only,
config/workcell_layout.json,e84db9aa7b88db442f042c6f546196e350c822a2e7609cb4b652b3da535df2e1,17043,generated geometry/layout source,reference_only,
job_cards/JOB-01.md,da44bcc5dfb9e36b252d37092c410850f31b339c2d348dedcce393d49f4a8025,8233,controlled print traveler,consume_accepted_output,01
job_cards/JOB-02.md,89499a559fc585e71848e1f20c89cbde57220eb5a2ec14834955aafbb97067a9,8592,controlled print traveler,consume_accepted_output,02
job_cards/JOB-03B.md,c23d3491935c8b319135a69500446888e806f46c07ca49fccb17dda7388883be,7035,controlled print traveler,consume_accepted_output,03B
output/assembly_guide/images/05_load_keyboard_and_clamps.png,f832b5ef451e2b79c4b88e669bf37a3b42fe7beaceaaf5840f13daedd201dfbc,119005,assembly-step illustration,view,
output/pdf/RC03_ILLUSTRATED_ASSEMBLY_GUIDE.pdf,1084103edb5f167b3a3571ef642826c4f585b488fef8200570e4251f2d5c140d,1706300,complete illustrated guide,read,
print_plates_3mf/01_ABS_keyboard_station_left.3mf,dbcb685037402a8ce90e39c216f00888c9abeb341829ff529248ac6f485e65f3,339507,geometry-only QIDI plate,consume_accepted_output,01
print_plates_3mf/01_ABS_keyboard_station_left.PRINT_SETTINGS.md,54b2f8cc73105131175af762ec6b2f49b8f3c8dc25966d2a06a024d15b8c4688,5691,exact operator print-settings sheet,consume_accepted_output,01
print_plates_3mf/01_ABS_keyboard_station_left.print.json,d594cad9ee0f35b55e65d2c37b6a9a0bf1bde50c2316d9b4b43dee99be2e1a3b,12637,controlled plate/profile/hash sidecar,consume_accepted_output,01
print_plates_3mf/02_ABS_keyboard_station_right.3mf,bc8e2fffd5f004678e47ac33c5fca41b3366cab17931cbcd5565f9bf9c2969d0,271307,geometry-only QIDI plate,consume_accepted_output,02
print_plates_3mf/02_ABS_keyboard_station_right.PRINT_SETTINGS.md,e384ebb2785694ebef13fdbcedf547ea7c1730028a0b115350ac93b1d78c7b3e,5730,exact operator print-settings sheet,consume_accepted_output,02
print_plates_3mf/02_ABS_keyboard_station_right.print.json,e861e72942c3ccec6ad977788700eac56e707f5c29e1a6319e2565a12897d7c5,12691,controlled plate/profile/hash sidecar,consume_accepted_output,02
print_plates_3mf/03B_ABS_keyboard_clamps.3mf,0f6e0900c6aec772e790d796ae389aa4506b5080550be71430cd05093acafbed,45762,geometry-only QIDI plate,consume_accepted_output,03B
print_plates_3mf/03B_ABS_keyboard_clamps.PRINT_SETTINGS.md,005ea3f467f64abc7f1e1af070e3436d1d90822e25b22b82c776b7baa24f7c3c,5534,exact operator print-settings sheet,consume_accepted_output,03B
print_plates_3mf/03B_ABS_keyboard_clamps.print.json,74d06febad8b82d7b8bbd7894ac344c146e942f64b0bd709a0b3ea0675c50a63,12634,controlled plate/profile/hash sidecar,consume_accepted_output,03B
scripts/build_illustrated_assembly_guide.py,6badf0daa975d8c0ab5de34cea5a7514dbff8469d2a7b499670a3002d428eb31,44117,illustrated-guide PDF generator,reference_only,
scripts/build_manual_pdf.py,4baf08d28e3566c3eb3869585275ebc318bf1e076744867221d4d79e2359f182,6974,controlled detailed-manual PDF renderer,reference_only,
scripts/build_step_packages.py,09ec78a5512ee6cb6997b3200e7bd1cdb1418eeb2fb477f339f331f14191f8a2,171609,step-package generator and validator,run_from_project_root,
scripts/generate_build_tracker.py,6090b47ff751ebb62c6ab8ecd4abc55fa54f79cabde5b86a4231484b2cc67e53,11983,job-lifecycle validator and tracker generator,run_from_project_root,
scripts/generate_job_cards.py,520cf48d2263beca0eca351d6960fbfae95e1f9c63e05aec1204957b47271a7f,22538,controlled print-traveler instruction generator,reference_only,
scripts/initialize_step_evidence.py,0a940eabc2ab22fcc0c4e2b2df9a67fa90224027168127917c2e7879a8725b93,4692,non-overwriting active-build evidence initializer,run_before_each_step,
scripts/record_job_lifecycle.py,440ca2e1b5185b230067a5d5f63d936a1d56e84bfc9ec9bc32d920e39ed3eb37,3613,sequential print-job lifecycle recorder,run_after_each_completed_state,
scripts/record_print_measurement.py,5cac4945ed54e13f95f1ef2e22e0b26448c4b9b69f966051cb350aae575b232b,9085,canonical gate and route recorder,run_after_reviewing_raw_evidence,
scripts/record_step_result.py,851e5b3761c2f37e9542f130ad22e2426cdf4d07af212a26ee3f5dd9012b3f0b,5673,non-destructive step-result recorder,run_for_each_step_test,
scripts/render_assembly_guide.py,8e7467e8eccccbf6e04988820b828be3c0aa0c1c06167954f53bb46b5f8cf330,59312,assembly-panel source renderer,reference_only,
scripts/set_active_build.py,0f593f140437858b8cd72c87f4737b14af483c91ac3e9fcb45f07d4893327571,2176,active physical-build selector,run_before_recording_evidence,
scripts/sign_off_step.py,caed2f3b929d24354ae7ff289178e70a94c8729d84ca5f2d55384c483032cbba,5604,validated step signoff recorder,run_after_step_tests,
scripts/step_evidence_common.py,93fb598ee2de6dc0ba60d6eec7291458a728cb087dbe724b9e3bf09aa8933f8a,9078,shared step-evidence containment and schema controls,reference_only,
scripts/validate_print_readiness.py,7dc6159c15826da700a66d9e271776f8daed14716db80081fedea2e8712fb2ed,86733,typed gate and print-readiness validator,run_from_project_root,
scripts/validate_release_package.py,9b954d47726e7c09423d31f7cdbd8b0e07dff1b78c11bf826274473062d66ed3,118881,whole-package release validator,run_from_project_root,
slicer_profiles/QIDI_PLUS4/README.md,641631027fd7a0a452653ca7613b0f2f19c91e3bd49e3f90e9c9a3429c1777f4,2277,QIDI process-preset import guide,read,
slicer_profiles/QIDI_PLUS4/abs_rapido_general_0p4.process.json,756895e547ed186ab4b0d532d6d66fc3e2ad31376bc342a0150cbd4667a5d239,2090,importable QIDI Studio process preset,consume_accepted_output,03B
slicer_profiles/QIDI_PLUS4/abs_rapido_tray_structural_0p4.process.json,c89e92d6af33cb676d7200e34937ec05c7cec9b55f2d0700b07b89a57cbd81c6,2106,importable QIDI Studio process preset,consume_accepted_output,01; 02
stl/keyboard_rear_clamp.stl,78c591895ae8392a5af9832f56cb7f15cb6a401c490153a1914b71ff5bcba373,90584,canonical slicing mesh,reference_only,03B
stl/keyboard_station_left.stl,a19b4288b9d6c3fae66f3baa3aa7726fc4acaa440bdb3f16ad3a7ea7791e9a1f,1311584,canonical slicing mesh,reference_only,01
stl/keyboard_station_right.stl,bc9cc0d252da8d1702c56bbd0afaf6ed79e5dd9891d121dd54372e4692675cf0,1046084,canonical slicing mesh,reference_only,02
