item_id,subsystem,qty,unit,candidate_description,candidate_dimension_or_spec,status,source_or_basis,qualification_or_release_note
CAM-001,camera,1,ea,Arducam B0477 IMX283 USB3 UVC camera with included nominal 16 mm lens and metal case,"5472x3648 at 9 fps YUY2; 49 deg H x 38 deg V published; manual focus; nominal C-mount",PURCHASED_PENDING_RECEIPT_INSPECTION,User-confirmed purchase plus Arducam product page and datasheet,"On receipt record label/model/serial and USB identity; verify sensor claim, exact lens, 0.95-1.05 m focus, case interface, delivered C/CS configuration, modes, controls, and condition"
CAM-002,camera_mount,1,ea,Replaceable aluminium camera plate,"100 x 80 x 3 mm minimum; aperture and holes cut only from received camera STEP/measurement",DESIGN_CANDIDATE_EXACT_DRAWING_OPEN,mechanical design allocation,"Use positive antirotation; plate alone is not the enclosure retainer"
CAM-003,camera_mount,1,set,Machined four-sided enclosure cage with rear shoulder and keeper,"Fit measured 38 mm nominal metal enclosure; clear nominal 39 mm lens and controls",DESIGN_CANDIDATE_EXACT_DRAWING_OPEN,B0477 dimensional envelope,"Do not clamp focus/iris rings or assume the two rear holes are threaded"
CAM-004,camera_mount,1,ea,Independent metal safety tether,"Rated above measured camera/mount mass with separate bridge attachment",REQUIRED_EXACT_MPN_OPEN,safety design requirement,"Tether is secondary retention and must not pull on camera during normal use"
STR-001,structure,2,ea,4040 aluminium extrusion upright stock,"1200 mm purchase length; final cut from measured base/crossbar/camera stack",CANDIDATE_STOCK_LENGTH_NOT_CUT_RELEASED,1000 mm optical height plus camera/mount stack,"Do not trim before received-part measurement and collision/load review"
STR-002,structure,1,ea,4040 aluminium extrusion upper front crossbar,"800 mm candidate length",CANDIDATE_CUT_LENGTH_NOT_RELEASED,730 mm post-axis spacing plus 35 mm nominal overhang each end,"Recheck bracket stack and stiffness in assembly CAD; any profile upgrade is a controlled design change"
STR-003,structure,1,ea,4040 aluminium extrusion lower front datum rail,"800 mm candidate length",CANDIDATE_CUT_LENGTH_NOT_RELEASED,common portal and board-datum structure,"Bench interface and vertical stack are unmeasured"
STR-004,structure,2,ea,4040 aluminium extrusion overhead boom,"400 mm candidate length from Y=-100 toward +Y",CANDIDATE_CUT_LENGTH_NOT_RELEASED,camera Y=228.5 mm plus end allowance,"Keep complete boom and joint above Z=920 mm in swept XY; load-test cantilever"
STR-005,structure,1,ea,2040 aluminium extrusion camera bridge,"200 mm candidate length centred on X=305 mm",CANDIDATE_CUT_LENGTH_NOT_RELEASED,dual-boom spacing and XY carriage concept,"Final length follows carriage and cage CAD"
STR-006,structure,2,ea,4040 aluminium extrusion forward base outrigger,"400 mm candidate length extending only toward negative Y",CANDIDATE_CUT_LENGTH_NOT_RELEASED,rear-open forward-footed base concept,"No low rail may extend beside board at Y>=0 without collision qualification"
STR-007,structure,8,ea,Heavy metal extrusion corner or gusset bracket,"Matched to selected 4040 series; no printed load-bearing bracket",REQUIRED_EXACT_MPN_OPEN,frame stiffness requirement,"Quantity and orientation close after joint/load calculation"
STR-008,structure,2,ea,High-level boom diagonal brace,"Metal; sized from measured cantilever load and selected profile",REQUIRED_EXACT_GEOMETRY_OPEN,boom pitch/settle control,"No brace or fastener may fall below Z=920 mm within swept XY"
STR-009,structure,1,set,Matched high-strength fasteners T-nuts washers and locking features,"Manufacturer-matched to selected extrusion; minimum two-fastener antirotation at structural joints",REQUIRED_EXACT_MPN_OPEN,positive retention requirement,"Document material grade engagement torque and thread-lock policy"
STR-010,structure,4,ea,Positive bench anchor or rated clamp,"Load-spreading; independent of plywood placemat",REQUIRED_BENCH_INTERFACE_OPEN,portal overturning and slip restraint,"Exact solution requires bench thickness/material/edge measurements and responsible mechanical review"
BRD-001,board_interface,2,ea,Adjustable front-edge datum stop,"Vertical-face contact near B=(150,0) and (460,0); contact remains at or below Z=0",DESIGN_CANDIDATE_EXACT_BRACKET_OPEN,3-2-1 board location,"Use replaceable shims/slots; do not drill current board"
BRD-002,board_interface,1,ea,Adjustable left-edge datum stop,"Vertical-face contact near B=(0,260); contact remains at or below Z=0",DESIGN_CANDIDATE_EXACT_BRACKET_OPEN,3-2-1 board location,"Verify station and underside hardware clearance"
BRD-003,board_interface,1,ea,Right-edge horizontal clamp,"Contact near B=(610,260); pushes toward left datum",DESIGN_CANDIDATE_EXACT_BRACKET_OPEN,opposed board clamp,"Pad must not rise above board top or deform board"
BRD-004,board_interface,2,ea,Rear-edge horizontal clamp,"Contacts near B=(100,457) and (510,457); rear centre X=225..385 remains open",DESIGN_CANDIDATE_EXACT_BRACKET_OPEN,opposed board clamp and factory arm-clamp keepout,"Pad must not rise above board top or interfere with arm clamp"
BRD-005,board_interface,4,ea,Low-profile anti-lift retainer,"Captures underside/vertical edge without top-surface overlap",DESIGN_CANDIDATE_EXACT_BRACKET_OPEN,board retention,"Do not preload enough to warp the 18 mm board"
ADJ-001,adjustment,1,set,XY camera carriage with positive hard lock,"At least +/-50 mm X and +/-50 mm Y",DESIGN_CANDIDATE_EXACT_MPN_OPEN,optical qualification range,"Friction slot alone is not final retention; add hard stops or dowelable blocks after calibration"
ADJ-002,adjustment,1,set,Vertical and tip/tilt camera carriage,"Entrance pupil Z=950..1050 mm; roll/pitch at least +/-3 deg",DESIGN_CANDIDATE_EXACT_MPN_OPEN,optical height and alignment qualification,"Final setting must be positively locked and witness-marked"
ELEC-001,cabling,1,ea,USB 3 data cable or industrial active extension,"Single routed length nominal 2-3 m; 5 Gbit/s rated; Type-C at camera",REQUIRED_EXACT_MPN_OPEN,full-native B0477 bandwidth and frame routing,"Qualify exact cable/host port at 5472x3648 YUY2; included 1 m cable is likely too short"
ELEC-002,cabling,2,ea,Metal-backed cable strain-relief point,"One at camera carriage and one at high front crossbar",REQUIRED_EXACT_MPN_OPEN,cable-load isolation,"No normal cable load may reach camera cage or optical controls"
ELEC-003,cabling,1,set,Static cable raceway clips and guard,"Route from camera toward negative Y and down outside front upright",DESIGN_CANDIDATE_EXACT_MPN_OPEN,collision-safe cable path,"No hanging loop over robot or placemat; include in collision model"
LGT-001,lighting,2,ea,Flicker-free dimmable diffuse LED bar,"High-CRI candidate; locked constant-current output; symmetric oblique placement",REQUIRED_EXACT_MPN_OPEN,tag/keyboard/phone illumination,"Select only after glare flicker thermal and exposure trials"
LGT-002,lighting,2,ea,Light diffuser and glare shield,"Flame-safe rigid material; dimensions from selected light",REQUIRED_EXACT_GEOMETRY_OPEN,phone-screen reflection control,"Keep complete assembly above Z=920 mm in swept XY and model as collision geometry"
MET-001,metrology,1,set,Frame and robot-base witness targets,"Three independently measured matte witnesses; IDs/family reserved later",REQUIRED_EXACT_DESIGN_OPEN,camera-versus-board disturbance observability,"Exclude from T0-T3 pose fit and K0/P0 held-out checks"
MET-002,metrology,1,set,Tamper lacquer or witness paint,"Visible contrasting marks for every structural/optical adjustment",REQUIRED_EXACT_MPN_OPEN,disturbance inspection,"Photograph and hash baseline after final calibration"
MET-003,metrology,1,set,Replaceable precision shims and feeler gauges,"Supports provisional 610+/-0.5 x 457+/-0.5 x 17.5-18.5 mm interface accommodation",REQUIRED_EXACT_RANGE_OPEN,received-board fit-up,"Accommodation range is not acceptance of an out-of-tolerance board"
SAFE-001,safety,1,ea,Physical power-cut E-stop system,Exact design outside this camera addendum,EXISTING_SYSTEM_GATE_OPEN,master system safety requirement,"Camera support work does not release powered motion"
