line_id,category,bag_id,item_id,quantity,unit,specification,print_job_or_use,state,notes
P001,Printed ABS,P-08A-S1,board_corner_saddle_left,1,each,ABS Rapido,08A-S1,PROTOTYPE,Use the exact generated 3MF and mapped process at 100% scale.
P002,Printed ABS,P-08B-S1,board_corner_saddle_right,1,each,ABS Rapido,08B-S1,PROTOTYPE,Use the exact generated 3MF and mapped process at 100% scale.
P003,Printed ABS,P-08A-S2,board_corner_cap_left,1,each,ABS Rapido,08A-S2,PROTOTYPE,Use the exact generated 3MF and mapped process at 100% scale.
P004,Printed ABS,P-08B-S2,board_corner_cap_right,1,each,ABS Rapido,08B-S2,PROTOTYPE,Use the exact generated 3MF and mapped process at 100% scale.
P005,Printed TPU,P-00G-P1,board_pressure_pad,4,each,TPU 95A preferred; ABS Rapido fallback,00G-P1,PROTOTYPE,Use the exact generated 3MF and mapped process at 100% scale.
P006,Printed ABS,P-00G-S1,m6_nut_retainer,5,each,ABS Rapido,00G-S1;08A-S2;08B-S2,INCLUDES_SACRIFICIAL_TEST_PIECE,four installed mechanically latched channel closures plus one sacrificial 00G insertion/removal test piece; do not transfer the test retainer
P007,Printed ABS,P-08A-T1,upright_truss_segment_240,8,each,ABS Rapido,08A-T1;08A-T2;08B-T1;08B-T2,PROTOTYPE,one-piece open-U section
P008,Printed ABS,P-08C-X1,crossbar_truss_segment_182p5,4,each,ABS Rapido,08C-X1;08C-X2,PROTOTYPE,four interchangeable one-piece open-U modules; one center boss per module
P009,Printed ABS,P-08C-B1,boom_root_truss_segment_164p25,2,each,ABS Rapido,08C-B1,PROTOTYPE,one-piece open-U root module without conflicting vertical bores
P010,Printed ABS,P-08C-B2,boom_camera_truss_segment_164p25,2,each,ABS Rapido,08C-B2,PROTOTYPE,one-piece open-U distal module with two vertical carriage bores only at camera end
P011,Printed ABS,P-00G-S1,u_truss_splice,8,each,ABS Rapido,00G-S1;08A-S2;08B-S2;08C-J1,PROTOTYPE,104 mm long full-height open U collar for six upright and two boom joints
P012,Printed ABS,P-08C-J1,u_truss_splice_crossbar_2bolt,2,each,ABS Rapido,08C-J1,PROTOTYPE,92 mm long full-height outer-crossbar collar; one M5 bolt per adjoining member end preserves boom-root hardware access
P013,Printed ABS,P-08C-J1,u_truss_splice_center_4bolt,1,each,ABS Rapido,08C-J1,PROTOTYPE,92 mm long full-height center-crossbar collar using two diagonally separated M5 bolts per adjoining member end
P014,Printed ABS,P-08A-J1,portal_corner_node_left,2,each,ABS Rapido,08A-J1,PROTOTYPE,matched outside pair at left portal corner
P015,Printed ABS,P-08B-J1,portal_corner_node_right,2,each,ABS Rapido,08B-J1,PROTOTYPE,matched outside pair at right portal corner
P016,Printed ABS,P-08C-J2,boom_crossbar_node,4,each,ABS Rapido,08C-J2,PROTOTYPE,"identical 80 x 84 x 8 mm flat sandwich straps, one top and one flipped bottom at each boom root"
P017,Printed ABS,P-08C-C1,camera_xy_carriage,1,each,ABS Rapido,08C-C1,PROTOTYPE,Use the exact generated 3MF and mapped process at 100% scale.
P018,Printed ABS,P-08D-C1,camera_cage_body,1,each,ABS Rapido,08D-C1,PROTOTYPE,Use the exact generated 3MF and mapped process at 100% scale.
P019,Printed ABS,P-08D-C1,camera_cage_keeper,1,each,ABS Rapido,08D-C1,PROTOTYPE,planar four-bolt positive-retention keeper; no slide hooks or friction latch
P020,Printed TPU,P-00G-P1,camera_top_compression_pad,1,each,TPU 95A preferred; dimension-selected ABS spacer allowed only after 00G received-camera fit,00G-P1,PROTOTYPE,Use the exact generated 3MF and mapped process at 100% scale.
P021,Printed ABS,P-00G-C1,camera_case_shim_ladder,1,each,ABS Rapido,00G-C1,PROTOTYPE,"breakaway 0.3/0.6/0.9 mm labeled shims, two of each"
P022,Printed ABS,P-00G-C1,camera_case_fit_gauge,1,each,ABS Rapido,00G-C1,FIT_GATE,Use the exact generated 3MF and mapped process at 100% scale.
P023,Printed ABS,P-00G-S1,board_saddle_fit_coupon,1,each,ABS Rapido,00G-S1,FIT_GATE,Use the exact generated 3MF and mapped process at 100% scale.
P024,Printed ABS,P-00G-S1,u_splice_fit_coupon,1,each,ABS Rapido,00G-S1,FIT_GATE,Use the exact generated 3MF and mapped process at 100% scale.
H001,Metal hardware,HARDWARE,M6 x 25 external-hex flange-head bolt,4,each,10 mm wrench size; top-driven board corner clamps; head OD must be <=13.5 mm and must bear fully on the integrated 16.0 mm raised cap boss; first-cap physical seating remains mandatory,PORTAL_AND_CAMERA_ASSEMBLY,PROCURE_AND_VERIFY,"Do not substitute size, length, head style, or locking feature without rechecking the CAD stack."
H002,Metal hardware,HARDWARE,M6 DIN 985 nyloc nut,5,each,four fresh final board-clamp nuts plus one sacrificial 00G nut-pocket/prevailing-torque test nut; 10 mm across flats and <=6.0 mm high; side-loaded captured saddle pockets,PORTAL_AND_CAMERA_ASSEMBLY,PROCURE_AND_VERIFY,"Do not substitute size, length, head style, or locking feature without rechecking the CAD stack."
H003,Metal hardware,HARDWARE,M5 x 75 flange-head bolt,32,each,"sixteen standard-splice positions, four outer-crossbar splice positions, four center-crossbar splice positions, and eight portal-corner positions",PORTAL_AND_CAMERA_ASSEMBLY,PROCURE_AND_VERIFY,"Do not substitute size, length, head style, or locking feature without rechecking the CAD stack."
H004,Metal hardware,HARDWARE,M5 x 80 flange-head bolt,4,each,two diagonally separated saddle tower receiver cross-bolts per tower,PORTAL_AND_CAMERA_ASSEMBLY,PROCURE_AND_VERIFY,"Do not substitute size, length, head style, or locking feature without rechecking the CAD stack."
H005,Metal hardware,HARDWARE,M5 x 85 flange-head bolt,4,each,four carriage-to-boom end-collar positions,PORTAL_AND_CAMERA_ASSEMBLY,PROCURE_AND_VERIFY,"Do not substitute size, length, head style, or locking feature without rechecking the CAD stack."
H006,Metal hardware,HARDWARE,M5 x 90 flange-head bolt,8,each,four vertical top/bottom sandwich-strap bolts per boom root,PORTAL_AND_CAMERA_ASSEMBLY,PROCURE_AND_VERIFY,"Do not substitute size, length, head style, or locking feature without rechecking the CAD stack."
H007,Metal hardware,HARDWARE,M5 flanged nyloc nut,52,each,48 final installed M5 joints plus four sacrificial carriage nuts used only for the empty-frame proof/creep test; use four fresh nuts for final overhead carriage installation; no loose M5 washers required,PORTAL_AND_CAMERA_ASSEMBLY,PROCURE_AND_VERIFY,"Do not substitute size, length, head style, or locking feature without rechecking the CAD stack."
H008,Metal hardware,HARDWARE,M4 x 60 button-head bolt,4,each,four perimeter keeper bolts installed downward; washer and head fully recessed in keeper; nyloc and washer below cage base,PORTAL_AND_CAMERA_ASSEMBLY,PROCURE_AND_VERIFY,"Do not substitute size, length, head style, or locking feature without rechecking the CAD stack."
H009,Metal hardware,HARDWARE,M4 x 70 button-head socket bolt,3,each,2.5 mm internal hex; leveling screws installed downward from above carriage into captured cage-base nuts,PORTAL_AND_CAMERA_ASSEMBLY,PROCURE_AND_VERIFY,"Do not substitute size, length, head style, or locking feature without rechecking the CAD stack."
H010,Metal hardware,HARDWARE,M4 standard hex nut,6,each,three underside-loaded cage-base captured nuts beneath intact load-bearing roofs plus three accessible jam nuts directly below carriage,PORTAL_AND_CAMERA_ASSEMBLY,PROCURE_AND_VERIFY,"Do not substitute size, length, head style, or locking feature without rechecking the CAD stack."
H011,Metal hardware,HARDWARE,M4 nyloc nut,4,each,four-point keeper closure below cage base,PORTAL_AND_CAMERA_ASSEMBLY,PROCURE_AND_VERIFY,"Do not substitute size, length, head style, or locking feature without rechecking the CAD stack."
H012,Metal hardware,HARDWARE,M4 washer,14,each,"three under leveling heads, three above leveling jam nuts, four under recessed keeper heads, and four above keeper nylocs",PORTAL_AND_CAMERA_ASSEMBLY,PROCURE_AND_VERIFY,"Do not substitute size, length, head style, or locking feature without rechecking the CAD stack."
H013,Cable hardware,HARDWARE,5.0 mm maximum-width cable tie,6,each,"two integrated cage slots, two boom floor tie stations, and two right-upright floor tie stations",PORTAL_AND_CAMERA_ASSEMBLY,PROCURE_AND_VERIFY,"Do not substitute size, length, head style, or locking feature without rechecking the CAD stack."
H014,Safety hardware,HARDWARE,complete factory-terminated independent metal camera safety tether assembly,1,each,"500 +/- 25 mm finished cable-centerline length; 1.5-2.0 mm 7x7 stainless cable; coated OD <=3.0 mm; >=130 mm laid-flat choker eye around the exposed right distal boom station B (396.25,152.5); captive screw-lock cage connector stock/pin <=5 mm and opening >=9 mm; manufacturer WLL >=10 kg and MBL >=50 kg",PORTAL_AND_CAMERA_ASSEMBLY,PROCURE_AND_VERIFY,"Do not substitute size, length, head style, or locking feature without rechecking the CAD stack."
